,,,,Test Case,,,,,,,,,
,Test ID,Test Category,Test Scenario,Distance (m),Barrier,Duration (min),Device A ,Device B,Orientation,Priority,Actual Result,Date Tested,Tester
"Distance only (goal: rough validation of DP3T results, baseline to compare vs. physical barriers)",,,,,,,,,,,,,
,A1,Distance only,"0m for 5min, no barrier, no phone case, iPhone 6s / SE",0,None,5,iPhone 6s / SE,Any iPhone,"1 (Side by side, facing up) ",P0,,,
,A2,Distance only,"0.5m for 5min, no barrier, no phone case, iPhone 6s / SE",0.5,None,5,iPhone 6s / SE,Any iPhone,"1 (Side by side, facing up) ",P0,,,
,A3,Distance only,"1m for 5min, no barrier, no phone case, iPhone 6s / SE",1,None,5,iPhone 6s / SE,Any iPhone,"1 (Side by side, facing up) ",P0,,,
,A4,Distance only,"1.5m for 5min, no barrier, no phone case, iPhone 6s / SE",1.5,None,5,iPhone 6s / SE,Any iPhone,"1 (Side by side, facing up) ",P0,,,
,A5,Distance only,"2m for 5min, no barrier, no phone case, iPhone 6s / SE",2,None,5,iPhone 6s / SE,Any iPhone,"1 (Side by side, facing up) ",P0,,,
,A6,Distance only,"3m for 5min, no barrier, no phone case, iPhone 6s / SE",3,None,5,iPhone 6s / SE,Any iPhone,"1 (Side by side, facing up) ",P0,,,
,A7,Distance only,"5m for 5min, no barrier, no phone case, iPhone 6s / SE",5,None,5,iPhone 6s / SE,Any iPhone,"1 (Side by side, facing up) ",P0,,,
,A8,Distance only,"0m for 5min, no barrier, no phone case, iPhone 11",0,None,5,iPhone 11,Any Android,"1 (Side by side, facing up) ",P0,,,
,A9,Distance only,"0.5m for 5min, no barrier, no phone case, iPhone 11",0.5,None,5,iPhone 11,Any Android,"1 (Side by side, facing up) ",P0,,,
,A10,Distance only,"1m for 5min, no barrier, no phone case, iPhone 11",1,None,5,iPhone 11,Any Android,"1 (Side by side, facing up) ",P0,,,
,A11,Distance only,"1.5m for 5min, no barrier, no phone case, iPhone 11",1.5,None,5,iPhone 11,Any Android,"1 (Side by side, facing up) ",P0,,,
,A12,Distance only,"2m for 5min, no barrier, no phone case, iPhone 11",2,None,5,iPhone 11,Any Android,"1 (Side by side, facing up) ",P0,,,
,A13,Distance only,"3m for 5min, no barrier, no phone case, iPhone 11",3,None,5,iPhone 11,Any Android,"1 (Side by side, facing up) ",P0,,,
,A14,Distance only,"5m for 5min, no barrier, no phone case, iPhone 11",5,None,5,iPhone 11,Any Android,"1 (Side by side, facing up) ",P0,,,
,A15,Distance only,"0m for 5min, no barrier, no phone case, iPhone 7 / XR / X",0,None,5,iPhone 7 / XR / X,Any iPhone,"1 (Side by side, facing up) ",P1,,,
,A16,Distance only,"0.5m for 5min, no barrier, no phone case, iPhone 7 / XR / X",0.5,None,5,iPhone 7 / XR / X,Any iPhone,"1 (Side by side, facing up) ",P1,,,
,A17,Distance only,"1m for 5min, no barrier, no phone case, iPhone 7 / XR / X",1,None,5,iPhone 7 / XR / X,Any iPhone,"1 (Side by side, facing up) ",P1,,,
,A18,Distance only,"1.5m for 5min, no barrier, no phone case, iPhone 7 / XR / X",1.5,None,5,iPhone 7 / XR / X,Any iPhone,"1 (Side by side, facing up) ",P1,,,
,A19,Distance only,"2m for 5min, no barrier, no phone case, iPhone 7 / XR / X",2,None,5,iPhone 7 / XR / X,Any iPhone,"1 (Side by side, facing up) ",P1,,,
,A20,Distance only,"3m for 5min, no barrier, no phone case, iPhone 7 / XR / X",3,None,5,iPhone 7 / XR / X,Any iPhone,"1 (Side by side, facing up) ",P1,,,
,A21,Distance only,"5m for 5min, no barrier, no phone case, iPhone 7 / XR / X",5,None,5,iPhone 7 / XR / X,Any iPhone,"1 (Side by side, facing up) ",P1,,,
,A22,Distance only,"0m for 5min, no barrier, no phone case, Samsung Galaxy S5 / other old Android",0,None,5,Samsung Galaxy S5 / other old Android,Any Android,"1 (Side by side, facing up) ",P0,,,
,A23,Distance only,"0.5m for 5min, no barrier, no phone case, Samsung Galaxy S5 / other old Android",0.5,None,5,Samsung Galaxy S5 / other old Android,Any Android,"1 (Side by side, facing up) ",P0,,,
,A24,Distance only,"1m for 5min, no barrier, no phone case, Samsung Galaxy S5 / other old Android",1,None,5,Samsung Galaxy S5 / other old Android,Any Android,"1 (Side by side, facing up) ",P0,,,
,A25,Distance only,"1.5m for 5min, no barrier, no phone case, Samsung Galaxy S5 / other old Android",1.5,None,5,Samsung Galaxy S5 / other old Android,Any Android,"1 (Side by side, facing up) ",P0,,,
,A26,Distance only,"2m for 5min, no barrier, no phone case, Samsung Galaxy S5 / other old Android",2,None,5,Samsung Galaxy S5 / other old Android,Any Android,"1 (Side by side, facing up) ",P0,,,
,A27,Distance only,"3m for 5min, no barrier, no phone case, Samsung Galaxy S5 / other old Android",3,None,5,Samsung Galaxy S5 / other old Android,Any Android,"1 (Side by side, facing up) ",P0,,,
,A28,Distance only,"5m for 5min, no barrier, no phone case, Samsung Galaxy S5 / other old Android",5,None,5,Samsung Galaxy S5 / other old Android,Any Android,"1 (Side by side, facing up) ",P0,,,
,A29,Distance only,"0m for 5min, no barrier, no phone case, Samsung Galaxy S8 / Google Pixel 2 / Moto G (5) Plus ",0,None,5,Samsung Galaxy S8 / Google Pixel 2 / Moto G (5) Plus ,Any iPhone,"1 (Side by side, facing up) ",P1,,,
,A30,Distance only,"0.5m for 5min, no barrier, no phone case, Samsung Galaxy S8 / Google Pixel 2 / Moto G (5) Plus ",0.5,None,5,Samsung Galaxy S8 / Google Pixel 2 / Moto G (5) Plus ,Any iPhone,"1 (Side by side, facing up) ",P1,,,
,A31,Distance only,"1m for 5min, no barrier, no phone case, Samsung Galaxy S8 / Google Pixel 2 / Moto G (5) Plus ",1,None,5,Samsung Galaxy S8 / Google Pixel 2 / Moto G (5) Plus ,Any iPhone,"1 (Side by side, facing up) ",P1,,,
,A32,Distance only,"1.5m for 5min, no barrier, no phone case, Samsung Galaxy S8 / Google Pixel 2 / Moto G (5) Plus ",1.5,None,5,Samsung Galaxy S8 / Google Pixel 2 / Moto G (5) Plus ,Any iPhone,"1 (Side by side, facing up) ",P1,,,
,A33,Distance only,"2m for 5min, no barrier, no phone case, Samsung Galaxy S8 / Google Pixel 2 / Moto G (5) Plus ",2,None,5,Samsung Galaxy S8 / Google Pixel 2 / Moto G (5) Plus ,Any iPhone,"1 (Side by side, facing up) ",P1,,,
,A34,Distance only,"3m for 5min, no barrier, no phone case, Samsung Galaxy S8 / Google Pixel 2 / Moto G (5) Plus ",3,None,5,Samsung Galaxy S8 / Google Pixel 2 / Moto G (5) Plus ,Any iPhone,"1 (Side by side, facing up) ",P1,,,
,A35,Distance only,"5m for 5min, no barrier, no phone case, Samsung Galaxy S8 / Google Pixel 2 / Moto G (5) Plus ",5,None,5,Samsung Galaxy S8 / Google Pixel 2 / Moto G (5) Plus ,Any iPhone,"1 (Side by side, facing up) ",P1,,,
,A36,Distance only,"0m for 5min, no barrier, no phone case, Samsung Galaxy S20 / other new Android",0,None,5,Samsung Galaxy S20 / other new Android,Any Android,"1 (Side by side, facing up) ",P1,,,
,A37,Distance only,"0.5m for 5min, no barrier, no phone case, Samsung Galaxy S20 / other new Android",0.5,None,5,Samsung Galaxy S20 / other new Android,Any Android,"1 (Side by side, facing up) ",P1,,,
,A38,Distance only,"1m for 5min, no barrier, no phone case, Samsung Galaxy S20 / other new Android",1,None,5,Samsung Galaxy S20 / other new Android,Any Android,"1 (Side by side, facing up) ",P1,,,
,A39,Distance only,"1.5m for 5min, no barrier, no phone case, Samsung Galaxy S20 / other new Android",1.5,None,5,Samsung Galaxy S20 / other new Android,Any Android,"1 (Side by side, facing up) ",P1,,,
,A40,Distance only,"2m for 5min, no barrier, no phone case, Samsung Galaxy S20 / other new Android",2,None,5,Samsung Galaxy S20 / other new Android,Any Android,"1 (Side by side, facing up) ",P1,,,
,A41,Distance only,"3m for 5min, no barrier, no phone case, Samsung Galaxy S20 / other new Android",3,None,5,Samsung Galaxy S20 / other new Android,Any Android,"1 (Side by side, facing up) ",P1,,,
,A42,Distance only,"5m for 5min, no barrier, no phone case, Samsung Galaxy S20 / other new Android",5,None,5,Samsung Galaxy S20 / other new Android,Any Android,"1 (Side by side, facing up) ",P1,,,
Duration only (goal: check how attenuation varies over time),,,,,,,,,,,,,
,B1,Duration only,"2m for 5min, no barrier, with phone case",2,None,5,Any,Any,"1 (Side by side, facing up) ",P0,,,
,B2,Duration only,"2m for 10min, no barrier, with phone case",2,None,10,Any,Any,"1 (Side by side, facing up) ",P2,,,
,B3,Duration only,"2m for 15min, no barrier, with phone case",2,None,15,Any,Any,"1 (Side by side, facing up) ",P0,,,
,B4,Duration only,"2m for 20min, no barrier, with phone case",2,None,20,Any,Any,"1 (Side by side, facing up) ",P2,,,
,B5,Duration only,"2m for 25min, no barrier, with phone case",2,None,25,Any,Any,"1 (Side by side, facing up) ",P2,,,
,B6,Duration only,"2m for 30min, no barrier, with phone case",2,None,30,Any,Any,"1 (Side by side, facing up) ",P2,,,
,B7,Duration only,"2m for 35min, no barrier, with phone case",2,None,35,Any,Any,"1 (Side by side, facing up) ",P2,,,
"Distance x material in between devices (goal: check attenuation for various physical barriers, where the physical barrier doesn't actually prevent exposure)",,,,,,,,,,,,,
x,C1,Dist. x non-blocking barrier,"Phone case only for both, 0m for 5min",0,Phone case only for both,5,Any,Any,"1 (Side by side, facing up) ",P0,,,
,C2,Dist. x non-blocking barrier,"Phone case only for both, 0.5m for 5min",0.5,Phone case only for both,5,Any,Any,"1 (Side by side, facing up) ",P0,,,
,C3,Dist. x non-blocking barrier,"Phone case only for both, 1m for 5min",1,Phone case only for both,5,Any,Any,"1 (Side by side, facing up) ",P0,,,
,C4,Dist. x non-blocking barrier,"Phone case only for both, 1.5m for 5min",1.5,Phone case only for both,5,Any,Any,"1 (Side by side, facing up) ",P0,,,
,C5,Dist. x non-blocking barrier,"Phone case only for both, 2m for 5min",2,Phone case only for both,5,Any,Any,"1 (Side by side, facing up) ",P0,,,
,C6,Dist. x non-blocking barrier,"Phone case only for both, 3m for 5min",3,Phone case only for both,5,Any,Any,"1 (Side by side, facing up) ",P1,,,
,C7,Dist. x non-blocking barrier,"Phone case only for both, 5m for 5min",5,Phone case only for both,5,Any,Any,"1 (Side by side, facing up) ",P1,,,
x,C8,Dist. x non-blocking barrier,"Metal laptop in between, 0m for 5min",0,Metal laptop in between,5,Any,Any,"1 (Side by side, facing up) ",P0,,,
,C9,Dist. x non-blocking barrier,"Metal laptop in between, 0.5m for 5min",0.5,Metal laptop in between,5,Any,Any,"1 (Side by side, facing up) ",P0,,,
,C10,Dist. x non-blocking barrier,"Metal laptop in between, 1m for 5min",1,Metal laptop in between,5,Any,Any,"1 (Side by side, facing up) ",P0,,,
,C11,Dist. x non-blocking barrier,"Metal laptop in between, 1.5m for 5min",1.5,Metal laptop in between,5,Any,Any,"1 (Side by side, facing up) ",P0,,,
,C12,Dist. x non-blocking barrier,"Metal laptop in between, 2m for 5min",2,Metal laptop in between,5,Any,Any,"1 (Side by side, facing up) ",P0,,,
,C13,Dist. x non-blocking barrier,"Metal laptop in between, 3m for 5min",3,Metal laptop in between,5,Any,Any,"1 (Side by side, facing up) ",P1,,,
,C14,Dist. x non-blocking barrier,"Metal laptop in between, 5m for 5min",5,Metal laptop in between,5,Any,Any,"1 (Side by side, facing up) ",P1,,,
x,C15,Dist. x non-blocking barrier,"Signal interference - one phone on active cellular call, 0m for 5min",0,Signal interference - one phone on active cellular call,5,Any,Any,"1 (Side by side, facing up) ",P0,,,
,C16,Dist. x non-blocking barrier,"Signal interference - one phone on active cellular call, 0.5m for 5min",0.5,Signal interference - one phone on active cellular call,5,Any,Any,"1 (Side by side, facing up) ",P0,,,
,C17,Dist. x non-blocking barrier,"Signal interference - one phone on active cellular call, 1m for 5min",1,Signal interference - one phone on active cellular call,5,Any,Any,"1 (Side by side, facing up) ",P0,,,
,C18,Dist. x non-blocking barrier,"Signal interference - one phone on active cellular call, 1.5m for 5min",1.5,Signal interference - one phone on active cellular call,5,Any,Any,"1 (Side by side, facing up) ",P0,,,
,C19,Dist. x non-blocking barrier,"Signal interference - one phone on active cellular call, 2m for 5min",2,Signal interference - one phone on active cellular call,5,Any,Any,"1 (Side by side, facing up) ",P0,,,
,C20,Dist. x non-blocking barrier,"Signal interference - one phone on active cellular call, 3m for 5min",3,Signal interference - one phone on active cellular call,5,Any,Any,"1 (Side by side, facing up) ",P1,,,
,C21,Dist. x non-blocking barrier,"Signal interference - one phone on active cellular call, 5m for 5min",5,Signal interference - one phone on active cellular call,5,Any,Any,"1 (Side by side, facing up) ",P1,,,
x,C22,Dist. x non-blocking barrier,"Signal interference - one phone on active video call on Wifi, 0m for 5min",0,Signal interference - one phone on active video call on Wifi,5,Any,Any,"1 (Side by side, facing up) ",P0,,,
,C23,Dist. x non-blocking barrier,"Signal interference - one phone on active video call on Wifi, 0.5m for 5min",0.5,Signal interference - one phone on active video call on Wifi,5,Any,Any,"1 (Side by side, facing up) ",P0,,,
,C24,Dist. x non-blocking barrier,"Signal interference - one phone on active video call on Wifi, 1m for 5min",1,Signal interference - one phone on active video call on Wifi,5,Any,Any,"1 (Side by side, facing up) ",P0,,,
,C25,Dist. x non-blocking barrier,"Signal interference - one phone on active video call on Wifi, 1.5m for 5min",1.5,Signal interference - one phone on active video call on Wifi,5,Any,Any,"1 (Side by side, facing up) ",P0,,,
,C26,Dist. x non-blocking barrier,"Signal interference - one phone on active video call on Wifi, 2m for 5min",2,Signal interference - one phone on active video call on Wifi,5,Any,Any,"1 (Side by side, facing up) ",P0,,,
,C27,Dist. x non-blocking barrier,"Signal interference - one phone on active video call on Wifi, 3m for 5min",3,Signal interference - one phone on active video call on Wifi,5,Any,Any,"1 (Side by side, facing up) ",P1,,,
,C28,Dist. x non-blocking barrier,"Signal interference - one phone on active video call on Wifi, 5m for 5min",5,Signal interference - one phone on active video call on Wifi,5,Any,Any,"1 (Side by side, facing up) ",P1,,,
x,C29,Dist. x non-blocking barrier,"Signal interference - another turned-on bluetooth device (speaker/headphones), 0m for 5min",0,Signal interference - another turned-on bluetooth device (speaker/headphones),5,Any,Any,"1 (Side by side, facing up) ",P0,,,
,C30,Dist. x non-blocking barrier,"Signal interference - another turned-on bluetooth device (speaker/headphones), 0.5m for 5min",0.5,Signal interference - another turned-on bluetooth device (speaker/headphones),5,Any,Any,"1 (Side by side, facing up) ",P0,,,
,C31,Dist. x non-blocking barrier,"Signal interference - another turned-on bluetooth device (speaker/headphones), 1m for 5min",1,Signal interference - another turned-on bluetooth device (speaker/headphones),5,Any,Any,"1 (Side by side, facing up) ",P0,,,
,C32,Dist. x non-blocking barrier,"Signal interference - another turned-on bluetooth device (speaker/headphones), 1.5m for 5min",1.5,Signal interference - another turned-on bluetooth device (speaker/headphones),5,Any,Any,"1 (Side by side, facing up) ",P0,,,
,C33,Dist. x non-blocking barrier,"Signal interference - another turned-on bluetooth device (speaker/headphones), 2m for 5min",2,Signal interference - another turned-on bluetooth device (speaker/headphones),5,Any,Any,"1 (Side by side, facing up) ",P0,,,
,C34,Dist. x non-blocking barrier,"Signal interference - another turned-on bluetooth device (speaker/headphones), 3m for 5min",3,Signal interference - another turned-on bluetooth device (speaker/headphones),5,Any,Any,"1 (Side by side, facing up) ",P1,,,
,C35,Dist. x non-blocking barrier,"Signal interference - another turned-on bluetooth device (speaker/headphones), 5m for 5min",5,Signal interference - another turned-on bluetooth device (speaker/headphones),5,Any,Any,"1 (Side by side, facing up) ",P1,,,
x,C36,Dist. x non-blocking barrier,"Inside jean pocket, 0m for 5min",0,Inside jean pocket,5,Any,Any,"1 (Side by side, facing up) ",P0,,,
,C37,Dist. x non-blocking barrier,"Inside jean pocket, 0.5m for 5min",0.5,Inside jean pocket,5,Any,Any,"1 (Side by side, facing up) ",P0,,,
,C38,Dist. x non-blocking barrier,"Inside jean pocket, 1m for 5min",1,Inside jean pocket,5,Any,Any,"1 (Side by side, facing up) ",P0,,,
,C39,Dist. x non-blocking barrier,"Inside jean pocket, 1.5m for 5min",1.5,Inside jean pocket,5,Any,Any,"1 (Side by side, facing up) ",P0,,,
,C40,Dist. x non-blocking barrier,"Inside jean pocket, 2m for 5min",2,Inside jean pocket,5,Any,Any,"1 (Side by side, facing up) ",P0,,,
,C41,Dist. x non-blocking barrier,"Inside jean pocket, 3m for 5min",3,Inside jean pocket,5,Any,Any,"1 (Side by side, facing up) ",P1,,,
,C42,Dist. x non-blocking barrier,"Inside jean pocket, 5m for 5min",5,Inside jean pocket,5,Any,Any,"1 (Side by side, facing up) ",P1,,,
x,C43,Dist. x non-blocking barrier,"Inside backpack, 0m for 5min",0,Inside backpack,5,Any,Any,"1 (Side by side, facing up) ",P0,,,
,C44,Dist. x non-blocking barrier,"Inside backpack, 0.5m for 5min",0.5,Inside backpack,5,Any,Any,"1 (Side by side, facing up) ",P0,,,
,C45,Dist. x non-blocking barrier,"Inside backpack, 1m for 5min",1,Inside backpack,5,Any,Any,"1 (Side by side, facing up) ",P0,,,
,C46,Dist. x non-blocking barrier,"Inside backpack, 1.5m for 5min",1.5,Inside backpack,5,Any,Any,"1 (Side by side, facing up) ",P0,,,
,C47,Dist. x non-blocking barrier,"Inside backpack, 2m for 5min",2,Inside backpack,5,Any,Any,"1 (Side by side, facing up) ",P0,,,
,C48,Dist. x non-blocking barrier,"Inside backpack, 3m for 5min",3,Inside backpack,5,Any,Any,"1 (Side by side, facing up) ",P1,,,
,C49,Dist. x non-blocking barrier,"Inside backpack, 5m for 5min",5,Inside backpack,5,Any,Any,"1 (Side by side, facing up) ",P1,,,
x,C50,Dist. x non-blocking barrier,"Inside purse, 0m for 5min",0,Inside purse,5,Any,Any,"1 (Side by side, facing up) ",P0,,,
,C51,Dist. x non-blocking barrier,"Inside purse, 0.5m for 5min",0.5,Inside purse,5,Any,Any,"1 (Side by side, facing up) ",P0,,,
,C52,Dist. x non-blocking barrier,"Inside purse, 1m for 5min",1,Inside purse,5,Any,Any,"1 (Side by side, facing up) ",P0,,,
,C53,Dist. x non-blocking barrier,"Inside purse, 1.5m for 5min",1.5,Inside purse,5,Any,Any,"1 (Side by side, facing up) ",P0,,,
,C54,Dist. x non-blocking barrier,"Inside purse, 2m for 5min",2,Inside purse,5,Any,Any,"1 (Side by side, facing up) ",P0,,,
,C55,Dist. x non-blocking barrier,"Inside purse, 3m for 5min",3,Inside purse,5,Any,Any,"1 (Side by side, facing up) ",P1,,,
,C56,Dist. x non-blocking barrier,"Inside purse, 5m for 5min",5,Inside purse,5,Any,Any,"1 (Side by side, facing up) ",P1,,,
x,C57,Dist. x non-blocking barrier,"In hand, 0m for 5min",0,In hand,5,Any,Any,"1 (Side by side, facing up) ",P0,,,
,C58,Dist. x non-blocking barrier,"In hand, 0.5m for 5min",0.5,In hand,5,Any,Any,"1 (Side by side, facing up) ",P0,,,
,C59,Dist. x non-blocking barrier,"In hand, 1m for 5min",1,In hand,5,Any,Any,"1 (Side by side, facing up) ",P0,,,
,C60,Dist. x non-blocking barrier,"In hand, 1.5m for 5min",1.5,In hand,5,Any,Any,"1 (Side by side, facing up) ",P0,,,
,C61,Dist. x non-blocking barrier,"In hand, 2m for 5min",2,In hand,5,Any,Any,"1 (Side by side, facing up) ",P0,,,
,C62,Dist. x non-blocking barrier,"In hand, 3m for 5min",3,In hand,5,Any,Any,"1 (Side by side, facing up) ",P1,,,
,C63,Dist. x non-blocking barrier,"In hand, 5m for 5min",5,In hand,5,Any,Any,"1 (Side by side, facing up) ",P1,,,
x,C64,Dist. x non-blocking barrier,"Human body in between, 0m for 5min",0,Human body in between,5,Any,Any,"1 (Side by side, facing up) ",P0,,,
,C65,Dist. x non-blocking barrier,"Human body in between, 0.5m for 5min",0.5,Human body in between,5,Any,Any,"1 (Side by side, facing up) ",P0,,,
,C66,Dist. x non-blocking barrier,"Human body in between, 1m for 5min",1,Human body in between,5,Any,Any,"1 (Side by side, facing up) ",P0,,,
,C67,Dist. x non-blocking barrier,"Human body in between, 1.5m for 5min",1.5,Human body in between,5,Any,Any,"1 (Side by side, facing up) ",P0,,,
,C68,Dist. x non-blocking barrier,"Human body in between, 2m for 5min",2,Human body in between,5,Any,Any,"1 (Side by side, facing up) ",P0,,,
,C69,Dist. x non-blocking barrier,"Human body in between, 3m for 5min",3,Human body in between,5,Any,Any,"1 (Side by side, facing up) ",P1,,,
,C70,Dist. x non-blocking barrier,"Human body in between, 5m for 5min",5,Human body in between,5,Any,Any,"1 (Side by side, facing up) ",P1,,,
Distance x environment (goal: check attenuation for various physical environments),,,,,,,,,,,,,
x,D1,Dist. x non-blocking barrier,"Small space (elevator), 0m for 5min",0,Small space (elevator),5,Any,Any,"1 (Side by side, facing up) ",P0,,,
,D2,Dist. x non-blocking barrier,"Small space (elevator), 0.5m for 5min",0.5,Small space (elevator),5,Any,Any,"1 (Side by side, facing up) ",P0,,,
,D3,Dist. x non-blocking barrier,"Small space (elevator), 1m for 5min",1,Small space (elevator),5,Any,Any,"1 (Side by side, facing up) ",P0,,,
,D4,Dist. x non-blocking barrier,"Small space (elevator), 1.5m for 5min",1.5,Small space (elevator),5,Any,Any,"1 (Side by side, facing up) ",P0,,,
,D5,Dist. x non-blocking barrier,"Small space (elevator), 2m for 5min",2,Small space (elevator),5,Any,Any,"1 (Side by side, facing up) ",P0,,,
,D6,Dist. x non-blocking barrier,"Small space (elevator), 3m for 5min",3,Small space (elevator),5,Any,Any,,P1,,,
,D7,Dist. x non-blocking barrier,"Small space (elevator), 5m for 5min",5,Small space (elevator),5,Any,Any,,P1,,,
x,D8,Dist. x non-blocking barrier,"Outside, 0m for 5min",0,Outside,5,Any,Any,"1 (Side by side, facing up) ",P0,,,
,D9,Dist. x non-blocking barrier,"Outside, 0.5m for 5min",0.5,Outside,5,Any,Any,"1 (Side by side, facing up) ",P0,,,
,D10,Dist. x non-blocking barrier,"Outside, 1m for 5min",1,Outside,5,Any,Any,"1 (Side by side, facing up) ",P0,,,
,D11,Dist. x non-blocking barrier,"Outside, 1.5m for 5min",1.5,Outside,5,Any,Any,"1 (Side by side, facing up) ",P0,,,
,D12,Dist. x non-blocking barrier,"Outside, 2m for 5min",2,Outside,5,Any,Any,"1 (Side by side, facing up) ",P0,,,
,D13,Dist. x non-blocking barrier,"Outside, 3m for 5min",3,Outside,5,Any,Any,,P1,,,
,D14,Dist. x non-blocking barrier,"Outside, 5m for 5min",5,Outside,5,Any,Any,,P1,,,
"Distance x blocking physical barrier (goal: check attenuation for various physical barriers / environments, where the physical barrier does prevent exposure)",,,,,,,,,,,,,
x,E1,Dist. x blocking barrier,"Wall, no airflow, 0m for 5min",0,"Wall, no airflow",5,Any,Any,"1 (Side by side, facing up) ",P0,,,
,E2,Dist. x blocking barrier,"Wall, no airflow, 0.5m for 5min",0.5,"Wall, no airflow",5,Any,Any,"1 (Side by side, facing up) ",P0,,,
,E3,Dist. x blocking barrier,"Wall, no airflow, 1m for 5min",1,"Wall, no airflow",5,Any,Any,"1 (Side by side, facing up) ",P0,,,
,E4,Dist. x blocking barrier,"Wall, no airflow, 1.5m for 5min",1.5,"Wall, no airflow",5,Any,Any,"1 (Side by side, facing up) ",P0,,,
,E5,Dist. x blocking barrier,"Wall, no airflow, 2m for 5min",2,"Wall, no airflow",5,Any,Any,"1 (Side by side, facing up) ",P0,,,
,E6,Dist. x blocking barrier,"Wall, no airflow, 3m for 5min",3,"Wall, no airflow",5,Any,Any,,P1,,,
,E7,Dist. x blocking barrier,"Wall, no airflow, 5m for 5min",5,"Wall, no airflow",5,Any,Any,,P1,,,
x,E8,Dist. x blocking barrier,"Wall, with airflow (open door further down the wall), 0m for 5min",0,"Wall, with airflow (open door further down the wall)",5,Any,Any,"1 (Side by side, facing up) ",P0,,,
,E9,Dist. x blocking barrier,"Wall, with airflow (open door further down the wall), 0.5m for 5min",0.5,"Wall, with airflow (open door further down the wall)",5,Any,Any,"1 (Side by side, facing up) ",P0,,,
,E10,Dist. x blocking barrier,"Wall, with airflow (open door further down the wall), 1m for 5min",1,"Wall, with airflow (open door further down the wall)",5,Any,Any,"1 (Side by side, facing up) ",P0,,,
,E11,Dist. x blocking barrier,"Wall, with airflow (open door further down the wall), 1.5m for 5min",1.5,"Wall, with airflow (open door further down the wall)",5,Any,Any,"1 (Side by side, facing up) ",P0,,,
,E12,Dist. x blocking barrier,"Wall, with airflow (open door further down the wall), 2m for 5min",2,"Wall, with airflow (open door further down the wall)",5,Any,Any,"1 (Side by side, facing up) ",P0,,,
,E13,Dist. x blocking barrier,"Wall, with airflow (open door further down the wall), 3m for 5min",3,"Wall, with airflow (open door further down the wall)",5,Any,Any,,P1,,,
,E14,Dist. x blocking barrier,"Wall, with airflow (open door further down the wall), 5m for 5min",5,"Wall, with airflow (open door further down the wall)",5,Any,Any,,P1,,,
x,E15,Dist. x blocking barrier,"Door, 0m for 5min",0,Door,5,Any,Any,"1 (Side by side, facing up) ",P0,,,
,E16,Dist. x blocking barrier,"Door, 0.5m for 5min",0.5,Door,5,Any,Any,"1 (Side by side, facing up) ",P0,,,
,E17,Dist. x blocking barrier,"Door, 1m for 5min",1,Door,5,Any,Any,"1 (Side by side, facing up) ",P0,,,
,E18,Dist. x blocking barrier,"Door, 1.5m for 5min",1.5,Door,5,Any,Any,"1 (Side by side, facing up) ",P0,,,
,E19,Dist. x blocking barrier,"Door, 2m for 5min",2,Door,5,Any,Any,"1 (Side by side, facing up) ",P0,,,
,E20,Dist. x blocking barrier,"Door, 3m for 5min",3,Door,5,Any,Any,,P1,,,
,E21,Dist. x blocking barrier,"Door, 5m for 5min",5,Door,5,Any,Any,,P1,,,
x,E22,Dist. x blocking barrier,"Floor / ceiling, Flexiblem for 5min",Flexible,Floor / ceiling,5,Any,Any,"1 (Side by side, facing up) ",P0,,,
x,E23,Dist. x blocking barrier,"Inside/outside car, 0m for 5min",0,Inside/outside car,5,Any,Any,"1 (Side by side, facing up) ",P0,,,
,E24,Dist. x blocking barrier,"Inside/outside car, 0.5m for 5min",0.5,Inside/outside car,5,Any,Any,"1 (Side by side, facing up) ",P0,,,
,E25,Dist. x blocking barrier,"Inside/outside car, 1m for 5min",1,Inside/outside car,5,Any,Any,"1 (Side by side, facing up) ",P0,,,
,E26,Dist. x blocking barrier,"Inside/outside car, 1.5m for 5min",1.5,Inside/outside car,5,Any,Any,"1 (Side by side, facing up) ",P0,,,
,E27,Dist. x blocking barrier,"Inside/outside car, 2m for 5min",2,Inside/outside car,5,Any,Any,"1 (Side by side, facing up) ",P0,,,
,E28,Dist. x blocking barrier,"Inside/outside car, 3m for 5min",3,Inside/outside car,5,Any,Any,,P1,,,
,E29,Dist. x blocking barrier,"Inside/outside car, 5m for 5min",5,Inside/outside car,5,Any,Any,,P1,,,
Orientation only,,,,,,,,,,,,,
,F1,Orientation only,"2m for 5min, no barrier, with phone case, Any iPhone ",2,None,5,Any iPhone ,Any iPhone,"1 (Side by side, facing up) ",P0,,,
,F2,Orientation only,"2m for 5min, no barrier, with phone case, Any iPhone ",2,None,5,Any iPhone ,Any iPhone,"2 (Head to toe, facing up)",P0,,,
,F3,Orientation only,"2m for 5min, no barrier, with phone case, Any iPhone ",2,None,5,Any iPhone ,Any iPhone,"3 (Side to head, facing up)",P0,,,
,F4,Orientation only,"2m for 5min, no barrier, with phone case, Any iPhone ",2,None,5,Any iPhone ,Any iPhone,4 (Facing each other) ,P0,,,
,F5,Orientation only,"2m for 5min, no barrier, with phone case, Any iPhone ",2,None,5,Any iPhone ,Any iPhone,"5 (One facing, one flat)",P0,,,
,F6,Orientation only,"2m for 5min, no barrier, with phone case, Any iPhone ",2,None,5,Any iPhone ,Any Android,"1 (Side by side, facing up) ",P0,,,
,F7,Distance only,"2m for 5min, no barrier, with phone case, Any iPhone ",2,None,5,Any iPhone ,Any Android,"2 (Head to toe, facing up)",P0,,,
,F8,Distance only,"2m for 5min, no barrier, with phone case, Any iPhone ",2,None,5,Any iPhone ,Any Android,"3 (Side to head, facing up)",P0,,,
,F9,Distance only,"2m for 5min, no barrier, with phone case, Any iPhone ",2,None,5,Any iPhone ,Any Android,4 (Facing each other) ,P0,,,
,F10,Distance only,"2m for 5min, no barrier, with phone case, Any iPhone ",2,None,5,Any iPhone ,Any Android,"5 (One facing, one flat)",P0,,,
,F11,Distance only,"2m for 5min, no barrier, with phone case, Any Android",2,None,5,Any Android,Any Android,"1 (Side by side, facing up) ",P0,,,
,F12,Distance only,"2m for 5min, no barrier, with phone case, Any Android",2,None,5,Any Android,Any Android,"2 (Head to toe, facing up)",P0,,,
,F13,Distance only,"2m for 5min, no barrier, with phone case, Any Android",2,None,5,Any Android,Any Android,"3 (Side to head, facing up)",P0,,,
,F14,Distance only,"2m for 5min, no barrier, with phone case, Any Android",2,None,5,Any Android,Any Android,4 (Facing each other) ,P0,,,
,F15,Distance only,"2m for 5min, no barrier, with phone case, Any Android",2,None,5,Any Android,Any Android,"5 (One facing, one flat)",P0,,,